"name","other_name","quantity","created_at","updated_at"
"animi tempore quos officia inventore nam harum sequi quaerat","","1","2020-10-06 17:39:45","2020-10-06 17:39:45"
"aperiam dignissimos sint suscipit amet sed","","60","2020-10-06 17:39:45","2020-10-06 17:39:45"
"aut aut nesciunt dolorum odit","","70","2020-10-06 17:39:45","2020-10-06 17:39:45"
"aut aut provident","","40","2020-10-06 17:39:45","2020-10-06 17:39:45"
"aut natus sapiente magni aspernatur tenetur accusantium","","4","2020-10-06 17:39:45","2020-10-06 17:39:45"
"aut odio veniam","","50","2020-10-06 17:39:45","2020-10-06 17:39:45"
"aut voluptatem iure omnis","","94","2020-10-06 17:39:45","2020-10-06 17:39:45"
"beatae cumque blanditiis sint maiores impedit fugit adipisci libero","","41","2020-10-06 17:39:45","2020-10-06 17:39:45"
"consequuntur voluptatem error harum","","37","2020-10-06 17:39:45","2020-10-06 17:39:45"
"delectus in ad labore recusandae totam numquam sed","","30","2020-10-06 17:39:45","2020-10-06 17:39:45"
"dolor quia et libero non","","54","2020-10-06 17:39:45","2020-10-06 17:39:45"
"dolor voluptate odio expedita nostrum distinctio et impedit optio","","23","2020-10-06 17:39:45","2020-10-06 17:39:45"
"dolore ut porro quo itaque ut ipsam natus","","68","2020-10-06 17:39:45","2020-10-06 17:39:45"
"dolores voluptatibus ut ipsum id quaerat a voluptatem dolor","","26","2020-10-06 17:39:45","2020-10-06 17:39:45"
"doloribus quibusdam sint corrupti dolores ut placeat laboriosam numquam","","34","2020-10-06 17:39:45","2020-10-06 17:39:45"
"ea modi voluptas beatae ut a voluptas beatae","","18","2020-10-06 17:39:45","2020-10-06 17:39:45"
"ea ut ex maxime","","55","2020-10-06 17:39:45","2020-10-06 17:39:45"
"est omnis sit aut blanditiis quaerat","","35","2020-10-06 17:39:45","2020-10-06 17:39:45"
"excepturi est ut autem perspiciatis iusto dolor","","11","2020-10-06 17:39:45","2020-10-06 17:39:45"
"exercitationem est dolores quaerat temporibus magnam","","89","2020-10-06 17:39:45","2020-10-06 17:39:45"
"fugiat aut ut voluptas rerum quis praesentium","","99","2020-10-06 17:39:45","2020-10-06 17:39:45"
"maiores autem laboriosam incidunt quia consequuntur et repudiandae quod","","55","2020-10-06 17:39:45","2020-10-06 17:39:45"
"maiores in qui rerum voluptas voluptatibus","","96","2020-10-06 17:39:45","2020-10-06 17:39:45"
"maiores veniam neque et nisi facilis est recusandae quisquam","","31","2020-10-06 17:39:45","2020-10-06 17:39:45"
"mollitia quis voluptatem quos aliquam","","43","2020-10-06 17:39:45","2020-10-06 17:39:45"
"nam similique in quo aut ducimus dolorem","","64","2020-10-06 17:39:45","2020-10-06 17:39:45"
"neque voluptatem ut quia","","55","2020-10-06 17:39:45","2020-10-06 17:39:45"
"nobis magni dolorum reiciendis quia distinctio","","9","2020-10-06 17:39:45","2020-10-06 17:39:45"
"numquam consequatur qui earum quas dolores debitis voluptatem quo","","72","2020-10-06 17:39:45","2020-10-06 17:39:45"
"placeat consequatur amet aspernatur eos","","75","2020-10-06 17:39:45","2020-10-06 17:39:45"
"qui autem doloremque quisquam ullam quia","","91","2020-10-06 17:39:45","2020-10-06 17:39:45"
"qui enim exercitationem non","","97","2020-10-06 17:39:45","2020-10-06 17:39:45"
"quia exercitationem sunt deleniti ut ut","","83","2020-10-06 17:39:45","2020-10-06 17:39:45"
"quia optio incidunt sit","","38","2020-10-06 17:39:45","2020-10-06 17:39:45"
"quia voluptas eos ea est eius","","9","2020-10-06 17:39:45","2020-10-06 17:39:45"
"quis dicta aut illum","","3","2020-10-06 17:39:45","2020-10-06 17:39:45"
"reprehenderit placeat voluptas incidunt exercitationem","","70","2020-10-06 17:39:45","2020-10-06 17:39:45"
"sint mollitia ut praesentium vero non molestiae inventore","","5","2020-10-06 17:39:45","2020-10-06 17:39:45"
"soluta harum voluptatem","","37","2020-10-06 17:39:45","2020-10-06 17:39:45"
"sunt laborum ut asperiores qui qui tempora explicabo","","16","2020-10-06 17:39:45","2020-10-06 17:39:45"
"ut quod necessitatibus ut enim autem vitae","","28","2020-10-06 17:39:45","2020-10-06 17:39:45"
"veniam cumque perferendis dolores laboriosam est officia","","68","2020-10-06 17:39:45","2020-10-06 17:39:45"
"vitae omnis corporis dolor vel necessitatibus ipsam","","62","2020-10-06 17:39:45","2020-10-06 17:39:45"
"voluptatem ut ipsum aut ut id nihil autem delectus","","16","2020-10-06 17:39:45","2020-10-06 17:39:45"
"voluptates quibusdam ab voluptatum sit repudiandae fugit ea illum","","10","2020-10-06 17:39:45","2020-10-06 17:39:45"
